time/fps,time/total_timesteps,time/time_elapsed,rollout/success_rate,train/critic_loss,train/ent_coef_loss,time/episodes,train/learning_rate,rollout/ep_rew_mean,train/n_updates,train/ent_coef,train/actor_loss,rollout/ep_len_mean
1948,24000,12,0.0,0.22752659022808075,-1.6107618808746338,4,0.001,0.010866770833333332,479,0.6173310875892639,-13.486539840698242,500.0
1947,24000,12,0.0,,,8,,0.010866770833333332,,,,500.0
1946,24000,12,0.0,,,12,,0.010866770833333332,,,,500.0
1946,24000,12,0.0,,,16,,0.010866770833333332,,,,500.0
1945,24000,12,0.0,,,20,,0.010866770833333332,,,,500.0
1944,24000,12,0.0,,,24,,0.010866770833333332,,,,500.0
1943,24000,12,0.0,,,28,,0.010866770833333332,,,,500.0
1943,24000,12,0.0,,,32,,0.010866770833333332,,,,500.0
1942,24000,12,0.0,,,36,,0.010866770833333332,,,,500.0
1941,24000,12,0.0,,,40,,0.010866770833333332,,,,500.0
1940,24000,12,0.0,,,44,,0.010866770833333332,,,,500.0
1939,24000,12,0.0,,,48,,0.010866770833333332,,,,500.0
1952,48000,24,0.0,0.07409238815307617,-3.248969078063965,52,0.001,0.017395593749999997,979,0.37571194767951965,-11.889007568359375,500.0
1951,48000,24,0.0,,,56,,0.017395593749999997,,,,500.0
1951,48000,24,0.0,,,60,,0.017395593749999997,,,,500.0
1951,48000,24,0.0,,,64,,0.017395593749999997,,,,500.0
1950,48000,24,0.0,,,68,,0.017395593749999997,,,,500.0
1950,48000,24,0.0,,,72,,0.017395593749999997,,,,500.0
1949,48000,24,0.0,,,76,,0.017395593749999997,,,,500.0
1949,48000,24,0.0,,,80,,0.017395593749999997,,,,500.0
1949,48000,24,0.0,,,84,,0.017395593749999997,,,,500.0
1948,48000,24,0.0,,,88,,0.017395593749999997,,,,500.0
1948,48000,24,0.0,,,92,,0.017395593749999997,,,,500.0
1948,48000,24,0.0,,,96,,0.017395593749999997,,,,500.0
1955,72000,36,0.0,0.01944783516228199,-4.921643257141113,100,0.001,0.03038334,1479,0.2280595898628235,-7.797685623168945,500.0
1955,72000,36,0.0,,,104,,0.03038334,,,,500.0
1954,72000,36,0.0,,,108,,0.03038334,,,,500.0
1954,72000,36,0.0,,,112,,0.03038334,,,,500.0
1954,72000,36,0.0,,,116,,0.03038334,,,,500.0
1954,72000,36,0.0,,,120,,0.03038334,,,,500.0
1953,72000,36,0.0,,,124,,0.03038334,,,,500.0
1953,72000,36,0.0,,,128,,0.03038334,,,,500.0
1953,72000,36,0.0,,,132,,0.03038334,,,,500.0
1953,72000,36,0.0,,,136,,0.03038334,,,,500.0
1952,72000,36,0.0,,,140,,0.03038334,,,,500.0
1952,72000,36,0.0,,,144,,0.03038334,,,,500.0
1941,96000,49,0.0,0.004778942093253136,-6.638373374938965,148,0.001,0.053327849999999996,1979,0.13795305788516998,-4.8114190101623535,500.0
1941,96000,49,0.0,,,152,,0.053327849999999996,,,,500.0
1941,96000,49,0.0,,,156,,0.053327849999999996,,,,500.0
1941,96000,49,0.0,,,160,,0.053327849999999996,,,,500.0
1941,96000,49,0.0,,,164,,0.053327849999999996,,,,500.0
1940,96000,49,0.0,,,168,,0.053327849999999996,,,,500.0
1940,96000,49,0.0,,,172,,0.053327849999999996,,,,500.0
1940,96000,49,0.0,,,176,,0.053327849999999996,,,,500.0
1940,96000,49,0.0,,,180,,0.053327849999999996,,,,500.0
1940,96000,49,0.0,,,184,,0.053327849999999996,,,,500.0
1939,96000,49,0.0,,,188,,0.053327849999999996,,,,500.0
1939,96000,49,0.0,,,192,,0.053327849999999996,,,,500.0
1943,120000,61,0.0,0.002322486136108637,-8.36207389831543,196,0.001,0.03661543,2479,0.08341709524393082,-2.9051995277404785,500.0
1943,120000,61,0.0,,,200,,0.03661543,,,,500.0
1943,120000,61,0.0,,,204,,0.03661543,,,,500.0
1943,120000,61,0.0,,,208,,0.03661543,,,,500.0
1943,120000,61,0.0,,,212,,0.03661543,,,,500.0
1942,120000,61,0.0,,,216,,0.03661543,,,,500.0
1942,120000,61,0.0,,,220,,0.03661543,,,,500.0
1942,120000,61,0.0,,,224,,0.03661543,,,,500.0
1942,120000,61,0.0,,,228,,0.03661543,,,,500.0
1942,120000,61,0.0,,,232,,0.03661543,,,,500.0
1942,120000,61,0.0,,,236,,0.03661543,,,,500.0
1942,120000,61,0.0,,,240,,0.03661543,,,,500.0
1932,144000,74,0.0,0.001482649939134717,-10.040292739868164,244,0.001,0.06190791000000002,2979,0.05048879235982895,-1.7243969440460205,500.0
1932,144000,74,0.0,,,248,,0.06190791000000002,,,,500.0
1932,144000,74,0.0,,,252,,0.06190791000000002,,,,500.0
1932,144000,74,0.0,,,256,,0.06190791000000002,,,,500.0
1931,144000,74,0.0,,,260,,0.06190791000000002,,,,500.0
1931,144000,74,0.0,,,264,,0.06190791000000002,,,,500.0
1931,144000,74,0.0,,,268,,0.06190791000000002,,,,500.0
1931,144000,74,0.0,,,272,,0.06190791000000002,,,,500.0
1931,144000,74,0.0,,,276,,0.06190791000000002,,,,500.0
1931,144000,74,0.0,,,280,,0.06190791000000002,,,,500.0
1931,144000,74,0.0,,,284,,0.06190791000000002,,,,500.0
1931,144000,74,0.0,,,288,,0.06190791000000002,,,,500.0
1929,168000,87,0.0,0.001092178514227271,-11.673705101013184,292,0.001,0.07726177,3479,0.030603988096117973,-1.0012738704681396,500.0
1929,168000,87,0.0,,,296,,0.07726177,,,,500.0
1929,168000,87,0.0,,,300,,0.07726177,,,,500.0
1929,168000,87,0.0,,,304,,0.07726177,,,,500.0
1929,168000,87,0.0,,,308,,0.07726177,,,,500.0
1929,168000,87,0.0,,,312,,0.07726177,,,,500.0
1929,168000,87,0.0,,,316,,0.07726177,,,,500.0
1929,168000,87,0.0,,,320,,0.07726177,,,,500.0
1929,168000,87,0.0,,,324,,0.07726177,,,,500.0
1928,168000,87,0.0,,,328,,0.07726177,,,,500.0
1928,168000,87,0.0,,,332,,0.07726177,,,,500.0
1928,168000,87,0.0,,,336,,0.07726177,,,,500.0
1923,192000,99,0.0,0.0009137546876445413,-13.315930366516113,340,0.001,0.0327554,3979,0.01857929117977619,-0.5438207387924194,500.0
1923,192000,99,0.0,,,344,,0.0327554,,,,500.0
1923,192000,99,0.0,,,348,,0.0327554,,,,500.0
1923,192000,99,0.0,,,352,,0.0327554,,,,500.0
1923,192000,99,0.0,,,356,,0.0327554,,,,500.0
1923,192000,99,0.0,,,360,,0.0327554,,,,500.0
1923,192000,99,0.0,,,364,,0.0327554,,,,500.0
1923,192000,99,0.0,,,368,,0.0327554,,,,500.0
1923,192000,99,0.0,,,372,,0.0327554,,,,500.0
1922,192000,99,0.0,,,376,,0.0327554,,,,500.0
1922,192000,99,0.0,,,380,,0.0327554,,,,500.0
1922,192000,99,0.0,,,384,,0.0327554,,,,500.0
1924,216000,112,0.0,0.0006213923334144056,-14.853812217712402,388,0.001,0.01604,4479,0.011292550712823868,-0.2718009948730469,500.0
1924,216000,112,0.0,,,392,,0.01604,,,,500.0
1924,216000,112,0.0,,,396,,0.01604,,,,500.0
1924,216000,112,0.0,,,400,,0.01604,,,,500.0
1923,216000,112,0.0,,,404,,0.01604,,,,500.0
1923,216000,112,0.0,,,408,,0.01604,,,,500.0
1923,216000,112,0.0,,,412,,0.01604,,,,500.0
1923,216000,112,0.0,,,416,,0.01604,,,,500.0
1923,216000,112,0.0,,,420,,0.01604,,,,500.0
1923,216000,112,0.0,,,424,,0.01604,,,,500.0
1923,216000,112,0.0,,,428,,0.01604,,,,500.0
1923,216000,112,0.0,,,432,,0.01604,,,,500.0
1926,240000,124,0.0,0.0005290318513289094,-16.4185791015625,436,0.001,0.018952749999999997,4979,0.0068747964687645435,-0.11278601735830307,500.0
1926,240000,124,0.0,,,440,,0.018952749999999997,,,,500.0
1926,240000,124,0.0,,,444,,0.018952749999999997,,,,500.0
1926,240000,124,0.0,,,448,,0.018952749999999997,,,,500.0
1926,240000,124,0.0,,,452,,0.018952749999999997,,,,500.0
1925,240000,124,0.0,,,456,,0.018952749999999997,,,,500.0
1925,240000,124,0.0,,,460,,0.018952749999999997,,,,500.0
1925,240000,124,0.0,,,464,,0.018952749999999997,,,,500.0
1925,240000,124,0.0,,,468,,0.018952749999999997,,,,500.0
1925,240000,124,0.0,,,472,,0.018952749999999997,,,,500.0
1925,240000,124,0.0,,,476,,0.018952749999999997,,,,500.0
1925,240000,124,0.0,,,480,,0.018952749999999997,,,,500.0
1924,264000,137,0.0,0.00042283162474632263,-17.898685455322266,484,0.001,0.026977630000000002,5479,0.004197826609015465,-0.010525278747081757,500.0
1924,264000,137,0.0,,,488,,0.026977630000000002,,,,500.0
1924,264000,137,0.0,,,492,,0.026977630000000002,,,,500.0
1924,264000,137,0.0,,,496,,0.026977630000000002,,,,500.0
1924,264000,137,0.0,,,500,,0.026977630000000002,,,,500.0
1924,264000,137,0.0,,,504,,0.026977630000000002,,,,500.0
1923,264000,137,0.0,,,508,,0.026977630000000002,,,,500.0
1923,264000,137,0.0,,,512,,0.026977630000000002,,,,500.0
1923,264000,137,0.0,,,516,,0.026977630000000002,,,,500.0
1923,264000,137,0.0,,,520,,0.026977630000000002,,,,500.0
1923,264000,137,0.0,,,524,,0.026977630000000002,,,,500.0
1923,264000,137,0.0,,,528,,0.026977630000000002,,,,500.0
1923,288000,149,0.0,0.0005956960958428681,-18.740833282470703,532,0.001,0.02278997,5979,0.00257474766112864,0.03145201876759529,500.0
1923,288000,149,0.0,,,536,,0.02278997,,,,500.0
1923,288000,149,0.0,,,540,,0.02278997,,,,500.0
1923,288000,149,0.0,,,544,,0.02278997,,,,500.0
1923,288000,149,0.0,,,548,,0.02278997,,,,500.0
1922,288000,149,0.0,,,552,,0.02278997,,,,500.0
1922,288000,149,0.0,,,556,,0.02278997,,,,500.0
1922,288000,149,0.0,,,560,,0.02278997,,,,500.0
1922,288000,149,0.0,,,564,,0.02278997,,,,500.0
1922,288000,149,0.0,,,568,,0.02278997,,,,500.0
1922,288000,149,0.0,,,572,,0.02278997,,,,500.0
1922,288000,149,0.0,,,576,,0.02278997,,,,500.0
1920,312000,162,0.0,0.0003048524959012866,-19.689897537231445,580,0.001,0.049940559999999995,6479,0.0015886715846136212,0.05415061116218567,500.0
1919,312000,162,0.0,,,584,,0.049940559999999995,,,,500.0
1919,312000,162,0.0,,,588,,0.049940559999999995,,,,500.0
1919,312000,162,0.0,,,592,,0.049940559999999995,,,,500.0
1919,312000,162,0.0,,,596,,0.049940559999999995,,,,500.0
1919,312000,162,0.0,,,600,,0.049940559999999995,,,,500.0
1919,312000,162,0.0,,,604,,0.049940559999999995,,,,500.0
1919,312000,162,0.0,,,608,,0.049940559999999995,,,,500.0
1919,312000,162,0.0,,,612,,0.049940559999999995,,,,500.0
1919,312000,162,0.0,,,616,,0.049940559999999995,,,,500.0
1919,312000,162,0.0,,,620,,0.049940559999999995,,,,500.0
1919,312000,162,0.0,,,624,,0.049940559999999995,,,,500.0
1918,336000,175,0.0,0.00018187968817073852,-20.421154022216797,628,0.001,0.05374116000000001,6979,0.0009884273167699575,0.07288321852684021,500.0
1918,336000,175,0.0,,,632,,0.05374116000000001,,,,500.0
1918,336000,175,0.0,,,636,,0.05374116000000001,,,,500.0
1918,336000,175,0.0,,,640,,0.05374116000000001,,,,500.0
1918,336000,175,0.0,,,644,,0.05374116000000001,,,,500.0
1918,336000,175,0.0,,,648,,0.05374116000000001,,,,500.0
1918,336000,175,0.0,,,652,,0.05374116000000001,,,,500.0
1918,336000,175,0.0,,,656,,0.05374116000000001,,,,500.0
1918,336000,175,0.0,,,660,,0.05374116000000001,,,,500.0
1918,336000,175,0.0,,,664,,0.05374116000000001,,,,500.0
1918,336000,175,0.0,,,668,,0.05374116000000001,,,,500.0
1917,336000,175,0.0,,,672,,0.05374116000000001,,,,500.0
1917,360000,187,0.0,0.00029659876599907875,-20.45604705810547,676,0.001,0.00836387,7479,0.0006210410501807928,0.07919028401374817,500.0
1917,360000,187,0.0,,,680,,0.00836387,,,,500.0
1917,360000,187,0.0,,,684,,0.00836387,,,,500.0
1917,360000,187,0.0,,,688,,0.00836387,,,,500.0
1917,360000,187,0.0,,,692,,0.00836387,,,,500.0
1917,360000,187,0.0,,,696,,0.00836387,,,,500.0
1917,360000,187,0.0,,,700,,0.00836387,,,,500.0
1917,360000,187,0.0,,,704,,0.00836387,,,,500.0
1917,360000,187,0.0,,,708,,0.00836387,,,,500.0
1916,360000,187,0.0,,,712,,0.00836387,,,,500.0
1916,360000,187,0.0,,,716,,0.00836387,,,,500.0
1916,360000,187,0.0,,,720,,0.00836387,,,,500.0
1915,384000,200,0.0,0.00014297400775831193,-19.728187561035156,724,0.001,0.00538492,7979,0.0003952760889660567,0.07294869422912598,500.0
1915,384000,200,0.0,,,728,,0.00538492,,,,500.0
1915,384000,200,0.0,,,732,,0.00538492,,,,500.0
1915,384000,200,0.0,,,736,,0.00538492,,,,500.0
1915,384000,200,0.0,,,740,,0.00538492,,,,500.0
1915,384000,200,0.0,,,744,,0.00538492,,,,500.0
1915,384000,200,0.0,,,748,,0.00538492,,,,500.0
1915,384000,200,0.0,,,752,,0.00538492,,,,500.0
1915,384000,200,0.0,,,756,,0.00538492,,,,500.0
1915,384000,200,0.0,,,760,,0.00538492,,,,500.0
1915,384000,200,0.0,,,764,,0.00538492,,,,500.0
1915,384000,200,0.0,,,768,,0.00538492,,,,500.0
1918,408000,212,0.0,9.331900218967348e-05,-18.817298889160156,772,0.001,0.006353,8479,0.00025663524866104126,0.06668040156364441,500.0
1918,408000,212,0.0,,,776,,0.006353,,,,500.0
1918,408000,212,0.0,,,780,,0.006353,,,,500.0
1918,408000,212,0.0,,,784,,0.006353,,,,500.0
1918,408000,212,0.0,,,788,,0.006353,,,,500.0
1918,408000,212,0.0,,,792,,0.006353,,,,500.0
1918,408000,212,0.0,,,796,,0.006353,,,,500.0
1918,408000,212,0.0,,,800,,0.006353,,,,500.0
1918,408000,212,0.0,,,804,,0.006353,,,,500.0
1918,408000,212,0.0,,,808,,0.006353,,,,500.0
1918,408000,212,0.0,,,812,,0.006353,,,,500.0
1918,408000,212,0.0,,,816,,0.006353,,,,500.0
1919,432000,225,0.0,0.00010762694000732154,-16.80734634399414,820,0.001,0.00580346,8979,0.00017059942183550447,0.05808725208044052,500.0
1919,432000,225,0.0,,,824,,0.00580346,,,,500.0
1919,432000,225,0.0,,,828,,0.00580346,,,,500.0
1919,432000,225,0.0,,,832,,0.00580346,,,,500.0
1919,432000,225,0.0,,,836,,0.00580346,,,,500.0
1919,432000,225,0.0,,,840,,0.00580346,,,,500.0
1919,432000,225,0.0,,,844,,0.00580346,,,,500.0
1919,432000,225,0.0,,,848,,0.00580346,,,,500.0
1919,432000,225,0.0,,,852,,0.00580346,,,,500.0
1919,432000,225,0.0,,,856,,0.00580346,,,,500.0
1919,432000,225,0.0,,,860,,0.00580346,,,,500.0
1919,432000,225,0.0,,,864,,0.00580346,,,,500.0
1918,456000,237,0.0,5.5747390433680266e-05,-15.840167045593262,868,0.001,0.008299159999999998,9479,0.00011650835949694738,0.05276920273900032,500.0
1918,456000,237,0.0,,,872,,0.008299159999999998,,,,500.0
1918,456000,237,0.0,,,876,,0.008299159999999998,,,,500.0
1918,456000,237,0.0,,,880,,0.008299159999999998,,,,500.0
1918,456000,237,0.0,,,884,,0.008299159999999998,,,,500.0
1918,456000,237,0.0,,,888,,0.008299159999999998,,,,500.0
1918,456000,237,0.0,,,892,,0.008299159999999998,,,,500.0
1918,456000,237,0.0,,,896,,0.008299159999999998,,,,500.0
1918,456000,237,0.0,,,900,,0.008299159999999998,,,,500.0
1918,456000,237,0.0,,,904,,0.008299159999999998,,,,500.0
1917,456000,237,0.0,,,908,,0.008299159999999998,,,,500.0
1917,456000,237,0.0,,,912,,0.008299159999999998,,,,500.0
1917,480000,250,0.0,4.1482293454464525e-05,-13.260076522827148,916,0.001,0.00462255,9979,8.155941031873226e-05,0.04681185632944107,500.0
1916,480000,250,0.0,,,920,,0.00462255,,,,500.0
1916,480000,250,0.0,,,924,,0.00462255,,,,500.0
1916,480000,250,0.0,,,928,,0.00462255,,,,500.0
1916,480000,250,0.0,,,932,,0.00462255,,,,500.0
1916,480000,250,0.0,,,936,,0.00462255,,,,500.0
1916,480000,250,0.0,,,940,,0.00462255,,,,500.0
1916,480000,250,0.0,,,944,,0.00462255,,,,500.0
1916,480000,250,0.0,,,948,,0.00462255,,,,500.0
1916,480000,250,0.0,,,952,,0.00462255,,,,500.0
1916,480000,250,0.0,,,956,,0.00462255,,,,500.0
1916,480000,250,0.0,,,960,,0.00462255,,,,500.0
1915,504000,263,0.0,5.498160680872388e-05,-8.596906661987305,964,0.001,0.007663840000000001,10479,5.941206109127961e-05,0.04364658147096634,500.0
1915,504000,263,0.0,,,968,,0.007663840000000001,,,,500.0
1915,504000,263,0.0,,,972,,0.007663840000000001,,,,500.0
1915,504000,263,0.0,,,976,,0.007663840000000001,,,,500.0
1915,504000,263,0.0,,,980,,0.007663840000000001,,,,500.0
1915,504000,263,0.0,,,984,,0.007663840000000001,,,,500.0
1915,504000,263,0.0,,,988,,0.007663840000000001,,,,500.0
1915,504000,263,0.0,,,992,,0.007663840000000001,,,,500.0
1915,504000,263,0.0,,,996,,0.007663840000000001,,,,500.0
1915,504000,263,0.0,,,1000,,0.007663840000000001,,,,500.0
1915,504000,263,0.0,,,1004,,0.007663840000000001,,,,500.0
1914,504000,263,0.0,,,1008,,0.007663840000000001,,,,500.0
1915,528000,275,0.0,6.322893023025244e-05,-7.105647087097168,1012,0.001,0.00805532,10979,4.568489021039568e-05,0.0424548014998436,500.0
1915,528000,275,0.0,,,1016,,0.00805532,,,,500.0
1915,528000,275,0.0,,,1020,,0.00805532,,,,500.0
1915,528000,275,0.0,,,1024,,0.00805532,,,,500.0
1915,528000,275,0.0,,,1028,,0.00805532,,,,500.0
1914,528000,275,0.0,,,1032,,0.00805532,,,,500.0
1914,528000,275,0.0,,,1036,,0.00805532,,,,500.0
1914,528000,275,0.0,,,1040,,0.00805532,,,,500.0
1914,528000,275,0.0,,,1044,,0.00805532,,,,500.0
1914,528000,275,0.0,,,1048,,0.00805532,,,,500.0
1914,528000,275,0.0,,,1052,,0.00805532,,,,500.0
1914,528000,275,0.0,,,1056,,0.00805532,,,,500.0
1913,552000,288,0.0,7.417587039526552e-05,-6.621588706970215,1060,0.001,0.0008897800000000002,11479,3.6683362850453705e-05,0.03127046301960945,500.0
1913,552000,288,0.0,,,1064,,0.0008897800000000002,,,,500.0
1913,552000,288,0.0,,,1068,,0.0008897800000000002,,,,500.0
1913,552000,288,0.0,,,1072,,0.0008897800000000002,,,,500.0
1913,552000,288,0.0,,,1076,,0.0008897800000000002,,,,500.0
1913,552000,288,0.0,,,1080,,0.0008897800000000002,,,,500.0
1913,552000,288,0.0,,,1084,,0.0008897800000000002,,,,500.0
1913,552000,288,0.0,,,1088,,0.0008897800000000002,,,,500.0
1913,552000,288,0.0,,,1092,,0.0008897800000000002,,,,500.0
1913,552000,288,0.0,,,1096,,0.0008897800000000002,,,,500.0
1913,552000,288,0.0,,,1100,,0.0008897800000000002,,,,500.0
1913,552000,288,0.0,,,1104,,0.0008897800000000002,,,,500.0
1913,576000,301,0.0,6.770269828848541e-05,-3.191437244415283,1108,0.001,0.005099429999999999,11979,3.012494016729761e-05,0.03313041478395462,500.0
1913,576000,301,0.0,,,1112,,0.005099429999999999,,,,500.0
1913,576000,301,0.0,,,1116,,0.005099429999999999,,,,500.0
1913,576000,301,0.0,,,1120,,0.005099429999999999,,,,500.0
1913,576000,301,0.0,,,1124,,0.005099429999999999,,,,500.0
1913,576000,301,0.0,,,1128,,0.005099429999999999,,,,500.0
1913,576000,301,0.0,,,1132,,0.005099429999999999,,,,500.0
1913,576000,301,0.0,,,1136,,0.005099429999999999,,,,500.0
1913,576000,301,0.0,,,1140,,0.005099429999999999,,,,500.0
1913,576000,301,0.0,,,1144,,0.005099429999999999,,,,500.0
1913,576000,301,0.0,,,1148,,0.005099429999999999,,,,500.0
1913,576000,301,0.0,,,1152,,0.005099429999999999,,,,500.0
1913,600000,313,0.0,1.617445013835095e-05,-1.4524929523468018,1156,0.001,0.0048836800000000005,12479,2.6207470000372268e-05,0.02660537138581276,500.0
1913,600000,313,0.0,,,1160,,0.0048836800000000005,,,,500.0
1913,600000,313,0.0,,,1164,,0.0048836800000000005,,,,500.0
1913,600000,313,0.0,,,1168,,0.0048836800000000005,,,,500.0
1913,600000,313,0.0,,,1172,,0.0048836800000000005,,,,500.0
1913,600000,313,0.0,,,1176,,0.0048836800000000005,,,,500.0
1913,600000,313,0.0,,,1180,,0.0048836800000000005,,,,500.0
1913,600000,313,0.0,,,1184,,0.0048836800000000005,,,,500.0
1913,600000,313,0.0,,,1188,,0.0048836800000000005,,,,500.0
1913,600000,313,0.0,,,1192,,0.0048836800000000005,,,,500.0
1913,600000,313,0.0,,,1196,,0.0048836800000000005,,,,500.0
1913,600000,313,0.0,,,1200,,0.0048836800000000005,,,,500.0
1914,624000,325,0.0,1.3885385669709649e-05,-0.8414491415023804,1204,0.001,0.0013356600000000002,12979,2.3600887288921513e-05,0.024149147793650627,500.0
1914,624000,325,0.0,,,1208,,0.0013356600000000002,,,,500.0
1914,624000,325,0.0,,,1212,,0.0013356600000000002,,,,500.0
1914,624000,325,0.0,,,1216,,0.0013356600000000002,,,,500.0
1914,624000,325,0.0,,,1220,,0.0013356600000000002,,,,500.0
1914,624000,325,0.0,,,1224,,0.0013356600000000002,,,,500.0
1914,624000,325,0.0,,,1228,,0.0013356600000000002,,,,500.0
1914,624000,325,0.0,,,1232,,0.0013356600000000002,,,,500.0
1914,624000,325,0.0,,,1236,,0.0013356600000000002,,,,500.0
1914,624000,325,0.0,,,1240,,0.0013356600000000002,,,,500.0
1914,624000,325,0.0,,,1244,,0.0013356600000000002,,,,500.0
1914,624000,325,0.0,,,1248,,0.0013356600000000002,,,,500.0
1914,648000,338,0.0,1.6582915122853592e-05,-1.0727570056915283,1252,0.001,0.00318306,13479,2.0927318473695777e-05,0.02060883864760399,500.0
1914,648000,338,0.0,,,1256,,0.00318306,,,,500.0
1914,648000,338,0.0,,,1260,,0.00318306,,,,500.0
1914,648000,338,0.0,,,1264,,0.00318306,,,,500.0
1914,648000,338,0.0,,,1268,,0.00318306,,,,500.0
1914,648000,338,0.0,,,1272,,0.00318306,,,,500.0
1914,648000,338,0.0,,,1276,,0.00318306,,,,500.0
1914,648000,338,0.0,,,1280,,0.00318306,,,,500.0
1914,648000,338,0.0,,,1284,,0.00318306,,,,500.0
1913,648000,338,0.0,,,1288,,0.00318306,,,,500.0
1913,648000,338,0.0,,,1292,,0.00318306,,,,500.0
1913,648000,338,0.0,,,1296,,0.00318306,,,,500.0
1913,672000,351,0.0,1.60709550982574e-05,-1.4686369895935059,1300,0.001,0.00392162,13979,1.7950824258150533e-05,0.021522928029298782,500.0
1913,672000,351,0.0,,,1304,,0.00392162,,,,500.0
1913,672000,351,0.0,,,1308,,0.00392162,,,,500.0
1913,672000,351,0.0,,,1312,,0.00392162,,,,500.0
1913,672000,351,0.0,,,1316,,0.00392162,,,,500.0
1913,672000,351,0.0,,,1320,,0.00392162,,,,500.0
1913,672000,351,0.0,,,1324,,0.00392162,,,,500.0
1913,672000,351,0.0,,,1328,,0.00392162,,,,500.0
1913,672000,351,0.0,,,1332,,0.00392162,,,,500.0
1912,672000,351,0.0,,,1336,,0.00392162,,,,500.0
1912,672000,351,0.0,,,1340,,0.00392162,,,,500.0
1912,672000,351,0.0,,,1344,,0.00392162,,,,500.0
1913,696000,363,0.0,7.940479918033816e-06,0.4705139100551605,1348,0.001,0.00074517,14479,1.6237832824117504e-05,0.01757962256669998,500.0
1913,696000,363,0.0,,,1352,,0.00074517,,,,500.0
1913,696000,363,0.0,,,1356,,0.00074517,,,,500.0
1913,696000,363,0.0,,,1360,,0.00074517,,,,500.0
1913,696000,363,0.0,,,1364,,0.00074517,,,,500.0
1913,696000,363,0.0,,,1368,,0.00074517,,,,500.0
1913,696000,363,0.0,,,1372,,0.00074517,,,,500.0
1913,696000,363,0.0,,,1376,,0.00074517,,,,500.0
1913,696000,363,0.0,,,1380,,0.00074517,,,,500.0
1913,696000,363,0.0,,,1384,,0.00074517,,,,500.0
1913,696000,363,0.0,,,1388,,0.00074517,,,,500.0
1913,696000,363,0.0,,,1392,,0.00074517,,,,500.0
1914,720000,376,0.0,6.720012152072741e-06,1.3423335552215576,1396,0.001,0.007040949999999999,14979,1.4210172594175674e-05,0.015454545617103577,500.0
1914,720000,376,0.0,,,1400,,0.007040949999999999,,,,500.0
1914,720000,376,0.0,,,1404,,0.007040949999999999,,,,500.0
1914,720000,376,0.0,,,1408,,0.007040949999999999,,,,500.0
1914,720000,376,0.0,,,1412,,0.007040949999999999,,,,500.0
1914,720000,376,0.0,,,1416,,0.007040949999999999,,,,500.0
1914,720000,376,0.0,,,1420,,0.007040949999999999,,,,500.0
1914,720000,376,0.0,,,1424,,0.007040949999999999,,,,500.0
1914,720000,376,0.0,,,1428,,0.007040949999999999,,,,500.0
1914,720000,376,0.0,,,1432,,0.007040949999999999,,,,500.0
1914,720000,376,0.0,,,1436,,0.007040949999999999,,,,500.0
1914,720000,376,0.0,,,1440,,0.007040949999999999,,,,500.0
1913,744000,388,0.0,5.773265456809895e-06,0.1631183624267578,1444,0.001,0.00840854,15479,1.2958564184373245e-05,0.014387817122042179,500.0
1913,744000,388,0.0,,,1448,,0.00840854,,,,500.0
1913,744000,388,0.0,,,1452,,0.00840854,,,,500.0
1913,744000,388,0.0,,,1456,,0.00840854,,,,500.0
1913,744000,388,0.0,,,1460,,0.00840854,,,,500.0
1913,744000,388,0.0,,,1464,,0.00840854,,,,500.0
1913,744000,388,0.0,,,1468,,0.00840854,,,,500.0
1913,744000,388,0.0,,,1472,,0.00840854,,,,500.0
1913,744000,388,0.0,,,1476,,0.00840854,,,,500.0
1913,744000,388,0.0,,,1480,,0.00840854,,,,500.0
1913,744000,388,0.0,,,1484,,0.00840854,,,,500.0
1913,744000,388,0.0,,,1488,,0.00840854,,,,500.0
1913,768000,401,0.0,5.262104423309211e-06,0.9662727117538452,1492,0.001,0.02885791,15979,1.1058475138270296e-05,0.013088994659483433,500.0
1913,768000,401,0.0,,,1496,,0.02885791,,,,500.0
1913,768000,401,0.0,,,1500,,0.02885791,,,,500.0
1913,768000,401,0.0,,,1504,,0.02885791,,,,500.0
1913,768000,401,0.0,,,1508,,0.02885791,,,,500.0
1913,768000,401,0.0,,,1512,,0.02885791,,,,500.0
1913,768000,401,0.0,,,1516,,0.02885791,,,,500.0
1913,768000,401,0.0,,,1520,,0.02885791,,,,500.0
1913,768000,401,0.0,,,1524,,0.02885791,,,,500.0
1913,768000,401,0.0,,,1528,,0.02885791,,,,500.0
1913,768000,401,0.0,,,1532,,0.02885791,,,,500.0
1913,768000,401,0.0,,,1536,,0.02885791,,,,500.0
1913,792000,413,0.0,1.022657124849502e-05,-0.0137101411819458,1540,0.001,0.027083149999999997,16479,1.0130788723472506e-05,0.010709886439144611,500.0
1913,792000,413,0.0,,,1544,,0.027083149999999997,,,,500.0
1913,792000,413,0.0,,,1548,,0.027083149999999997,,,,500.0
1913,792000,413,0.0,,,1552,,0.027083149999999997,,,,500.0
1913,792000,413,0.0,,,1556,,0.027083149999999997,,,,500.0
1913,792000,413,0.0,,,1560,,0.027083149999999997,,,,500.0
1913,792000,413,0.0,,,1564,,0.027083149999999997,,,,500.0
1913,792000,413,0.0,,,1568,,0.027083149999999997,,,,500.0
1913,792000,413,0.0,,,1572,,0.027083149999999997,,,,500.0
1913,792000,413,0.0,,,1576,,0.027083149999999997,,,,500.0
1913,792000,413,0.0,,,1580,,0.027083149999999997,,,,500.0
1913,792000,413,0.0,,,1584,,0.027083149999999997,,,,500.0
1914,816000,426,0.0,1.7539077816763893e-05,-2.657238483428955,1588,0.001,9e-08,16979,9.642522854846902e-06,0.01045463141053915,500.0
1914,816000,426,0.0,,,1592,,9e-08,,,,500.0
1914,816000,426,0.0,,,1596,,9e-08,,,,500.0
1914,816000,426,0.0,,,1600,,9e-08,,,,500.0
1914,816000,426,0.0,,,1604,,9e-08,,,,500.0
1914,816000,426,0.0,,,1608,,9e-08,,,,500.0
1914,816000,426,0.0,,,1612,,9e-08,,,,500.0
1914,816000,426,0.0,,,1616,,9e-08,,,,500.0
1914,816000,426,0.0,,,1620,,9e-08,,,,500.0
1914,816000,426,0.0,,,1624,,9e-08,,,,500.0
1914,816000,426,0.0,,,1628,,9e-08,,,,500.0
1914,816000,426,0.0,,,1632,,9e-08,,,,500.0
1913,840000,438,0.0,4.922339940094389e-06,2.2365074157714844,1636,0.001,8e-08,17479,7.83367249823641e-06,0.009747199714183807,500.0
1913,840000,438,0.0,,,1640,,8e-08,,,,500.0
1913,840000,438,0.0,,,1644,,8e-08,,,,500.0
1913,840000,438,0.0,,,1648,,8e-08,,,,500.0
1913,840000,438,0.0,,,1652,,8e-08,,,,500.0
1913,840000,438,0.0,,,1656,,8e-08,,,,500.0
1913,840000,438,0.0,,,1660,,8e-08,,,,500.0
1913,840000,438,0.0,,,1664,,8e-08,,,,500.0
1913,840000,438,0.0,,,1668,,8e-08,,,,500.0
1913,840000,438,0.0,,,1672,,8e-08,,,,500.0
1913,840000,438,0.0,,,1676,,8e-08,,,,500.0
1913,840000,438,0.0,,,1680,,8e-08,,,,500.0
1913,864000,451,0.0,3.222226496291114e-06,1.4613515138626099,1684,0.001,0.01499724,17979,6.9712345975858625e-06,0.008652154356241226,500.0
1913,864000,451,0.0,,,1688,,0.01499724,,,,500.0
1913,864000,451,0.0,,,1692,,0.01499724,,,,500.0
1913,864000,451,0.0,,,1696,,0.01499724,,,,500.0
1913,864000,451,0.0,,,1700,,0.01499724,,,,500.0
1913,864000,451,0.0,,,1704,,0.01499724,,,,500.0
1913,864000,451,0.0,,,1708,,0.01499724,,,,500.0
1913,864000,451,0.0,,,1712,,0.01499724,,,,500.0
1913,864000,451,0.0,,,1716,,0.01499724,,,,500.0
1913,864000,451,0.0,,,1720,,0.01499724,,,,500.0
1913,864000,451,0.0,,,1724,,0.01499724,,,,500.0
1913,864000,451,0.0,,,1728,,0.01499724,,,,500.0
1913,888000,463,0.0,1.3171065802453086e-06,-2.223717451095581,1732,0.001,0.025758549999999998,18479,6.348900569719262e-06,0.007404461968690157,500.0
1913,888000,464,0.0,,,1736,,0.025758549999999998,,,,500.0
1913,888000,464,0.0,,,1740,,0.025758549999999998,,,,500.0
1913,888000,464,0.0,,,1744,,0.025758549999999998,,,,500.0
1913,888000,464,0.0,,,1748,,0.025758549999999998,,,,500.0
1913,888000,464,0.0,,,1752,,0.025758549999999998,,,,500.0
1913,888000,464,0.0,,,1756,,0.025758549999999998,,,,500.0
1913,888000,464,0.0,,,1760,,0.025758549999999998,,,,500.0
1913,888000,464,0.0,,,1764,,0.025758549999999998,,,,500.0
1913,888000,464,0.0,,,1768,,0.025758549999999998,,,,500.0
1913,888000,464,0.0,,,1772,,0.025758549999999998,,,,500.0
1913,888000,464,0.0,,,1776,,0.025758549999999998,,,,500.0
1913,912000,476,0.0,1.3371129625738831e-06,-1.4577083587646484,1780,0.001,0.01078594,18979,5.200738996791188e-06,0.00619234424084425,500.0
1913,912000,476,0.0,,,1784,,0.01078594,,,,500.0
1913,912000,476,0.0,,,1788,,0.01078594,,,,500.0
1913,912000,476,0.0,,,1792,,0.01078594,,,,500.0
1913,912000,476,0.0,,,1796,,0.01078594,,,,500.0
1913,912000,476,0.0,,,1800,,0.01078594,,,,500.0
1913,912000,476,0.0,,,1804,,0.01078594,,,,500.0
1913,912000,476,0.0,,,1808,,0.01078594,,,,500.0
1913,912000,476,0.0,,,1812,,0.01078594,,,,500.0
1913,912000,476,0.0,,,1816,,0.01078594,,,,500.0
1913,912000,476,0.0,,,1820,,0.01078594,,,,500.0
1912,912000,476,0.0,,,1824,,0.01078594,,,,500.0
1912,936000,489,0.0,2.792392024275614e-06,2.996612548828125,1828,0.001,0.0054239399999999995,19479,4.014310889033368e-06,0.0071749500930309296,500.0
1912,936000,489,0.0,,,1832,,0.0054239399999999995,,,,500.0
1912,936000,489,0.0,,,1836,,0.0054239399999999995,,,,500.0
1912,936000,489,0.0,,,1840,,0.0054239399999999995,,,,500.0
1912,936000,489,0.0,,,1844,,0.0054239399999999995,,,,500.0
1912,936000,489,0.0,,,1848,,0.0054239399999999995,,,,500.0
1912,936000,489,0.0,,,1852,,0.0054239399999999995,,,,500.0
1912,936000,489,0.0,,,1856,,0.0054239399999999995,,,,500.0
1912,936000,489,0.0,,,1860,,0.0054239399999999995,,,,500.0
1912,936000,489,0.0,,,1864,,0.0054239399999999995,,,,500.0
1912,936000,489,0.0,,,1868,,0.0054239399999999995,,,,500.0
1912,936000,489,0.0,,,1872,,0.0054239399999999995,,,,500.0
1913,960000,501,0.0,3.3106196042353986e-06,2.4855542182922363,1876,0.001,0.006005549999999999,19979,3.0706987672601826e-06,0.005118063651025295,500.0
1913,960000,501,0.0,,,1880,,0.006005549999999999,,,,500.0
1913,960000,501,0.0,,,1884,,0.006005549999999999,,,,500.0
1913,960000,501,0.0,,,1888,,0.006005549999999999,,,,500.0
1913,960000,501,0.0,,,1892,,0.006005549999999999,,,,500.0
1913,960000,501,0.0,,,1896,,0.006005549999999999,,,,500.0
1913,960000,501,0.0,,,1900,,0.006005549999999999,,,,500.0
1913,960000,501,0.0,,,1904,,0.006005549999999999,,,,500.0
1913,960000,501,0.0,,,1908,,0.006005549999999999,,,,500.0
1913,960000,501,0.0,,,1912,,0.006005549999999999,,,,500.0
1913,960000,501,0.0,,,1916,,0.006005549999999999,,,,500.0
1913,960000,501,0.0,,,1920,,0.006005549999999999,,,,500.0
1913,984000,514,0.0,3.234408154639823e-07,0.6624468564987183,1924,0.001,0.00066293,20479,2.4225685137935216e-06,0.0037801885046064854,500.0
1913,984000,514,0.0,,,1928,,0.00066293,,,,500.0
1913,984000,514,0.0,,,1932,,0.00066293,,,,500.0
1913,984000,514,0.0,,,1936,,0.00066293,,,,500.0
1913,984000,514,0.0,,,1940,,0.00066293,,,,500.0
1913,984000,514,0.0,,,1944,,0.00066293,,,,500.0
1913,984000,514,0.0,,,1948,,0.00066293,,,,500.0
1913,984000,514,0.0,,,1952,,0.00066293,,,,500.0
1913,984000,514,0.0,,,1956,,0.00066293,,,,500.0
1913,984000,514,0.0,,,1960,,0.00066293,,,,500.0
1913,984000,514,0.0,,,1964,,0.00066293,,,,500.0
1913,984000,514,0.0,,,1968,,0.00066293,,,,500.0
